First Name,Second Name,Age (Years),Sex,Vehicle Make,Vehicle Model,Vehicle Year,Vehicle Type
Oliver,Brady,68,Male,Mitsubishi,WRX,2003,Sedan
Denis,Jackson,35,Male,Toyota,Canyon Regular Cab,2011,Convertible
Joshua,Williams,26,Male,Honda,1500 Crew Cab,1999,Sedan
Malcolm,Johnson,37,Male,Dodge,Legacy,1996,"Sedan, Wagon"
Ashley,Bates,57,Male,Chevrolet,A8,2018,Sedan
Debra,Wood,61,Female,Nissan,E350 Super Duty Passenger,2002,Pickup
Chloe,Cook,38,Female,Oldsmobile,Canyon Crew Cab,2006,Coupe
Andrea,Warren,18,Female,Nissan,Sprinter WORKER Cargo,1992,SUV
Peter,Roberts,88,Male,Ford,600 SL,2008,Hatchback
Thomas,Phillips,64,Male,Chevrolet,B-Series Cab Plus,1997,SUV
Judith,Ward,22,Female,Dodge,A3,1994,Pickup
Jill,Riley,50,Female,Acura,S80,2004,Convertible
Bryan,Roberts,51,Male,Mercedes-Benz,Transit Connect Cargo,2016,"Sedan, Coupe"
Howard,Young,42,Male,Cadillac,Lancer,2010,SUV
Alexandra,Brooks,57,Female,Subaru,Avalon Hybrid,2013,SUV
Callum,Smith,44,Male,Honda,SRX,2000,Sedan
Ricky,Davies,53,Male,Lincoln,Express 2500 Cargo,2018,Pickup
Jenna,Dennis,70,Female,Audi,Trans Sport,2004,"SUV, Wagon"
Ryan,Morley,77,Male,Ram,Range Rover,2014,"Coupe, Convertible"
Francesca,Lee,72,Female,Kia,Savana 1500 Cargo,2014,Sedan
Yvonne,Morgan,83,Female,Dodge,Mercedes-AMG E-Class,2011,Wagon
Aaron,Marsh,84,Male,Lexus,Windstar Passenger,1994,SUV
Clifford,Mason,64,Male,Chevrolet,XC90,2009,Sedan
Megan,Gray,82,Female,Honda,Q60,2015,"Coupe, Convertible"
Christian,Houghton,66,Male,Hyundai,Commander,2017,SUV
Leigh,Hart,45,Male,Chevrolet,500,1999,Pickup
Alice,Bentley,88,Female,Aston Martin,Caliber,1994,Coupe
Teresa,Armstrong,81,Female,Porsche,Pacifica,2015,SUV
Maurice,Giles,38,Male,GMC,F150 SuperCrew Cab,1999,Coupe
Ann,Butler,53,Female,Honda,A4 allroad,2011,SUV
Beth,Kaur,44,Female,Nissan,Express 2500 Passenger,2016,Sedan
Nicola,Gregory,66,Female,Land Rover,Silverado 2500 HD Regular Cab,2012,Van/Minivan
Bernard,Price,58,Male,Ferrari,GS,2004,Coupe
Heather,Bradshaw,39,Female,BMW,Golf SportWagen,2005,Sedan
Mathew,Webb,56,Male,Toyota,RX,2018,Pickup
Josh,Butler,40,Male,Chevrolet,K900,2007,Wagon
Rebecca,Clarke,90,Female,Volkswagen,Taurus X,2019,Sedan
Trevor,Oliver,49,Male,Volkswagen,Grand Marquis,2009,Sedan
Garry,Taylor,20,Male,Lotus,Cobalt,1995,Sedan
Kathleen,Archer,43,Female,Chevrolet,612 Scaglietti,2003,Sedan
Cheryl,Ball,21,Female,Hyundai,S6,2018,SUV
Malcolm,Price,41,Male,Chevrolet,R-Class,1992,Pickup
Terence,Hughes,54,Male,Toyota,A6,2014,Pickup
Yvonne,Davidson,56,Female,Toyota,Explorer,2015,Sedan
Gareth,Norton,51,Male,BMW,Neon,1997,Sedan
Arthur,Price,53,Male,Toyota,Uplander Passenger,2017,Van/Minivan
Sheila,Scott,60,Female,Toyota,Tracker,1999,SUV
Neil,Cooper,65,Male,Oldsmobile,Sephia,2002,Hatchback
Marion,Smith,55,Female,Nissan,Cayenne,2010,Sedan
Bruce,Lewis,70,Male,Lexus,XT5,1996,SUV
Jordan,Burrows,58,Male,Ford,Titan King Cab,2001,Pickup
Hannah,Cross,66,Female,Toyota,Accord Hybrid,2002,Hatchback
Shaun,Davidson,58,Male,Chevrolet,Versa Note,2013,Hatchback
Owen,Cooper,32,Male,Eagle,CL,2020,Sedan
Owen,Moore,88,Male,Honda,Yukon XL,2004,Coupe
Harry,Owen,34,Male,Lexus,Intrepid,2006,SUV
Darren,Bates,44,Male,Nissan,Park Avenue,1999,Sedan
Elliott,Palmer,77,Male,Lexus,Volt,2004,Coupe
Kimberley,Hunter,27,Female,BMW,T100 Regular Cab,2007,Van/Minivan
Geoffrey,Hayward,78,Male,Dodge,929,2009,"Coupe, Convertible"
Richard,Baker,91,Male,BMW,Ram Wagon B350,2018,Van/Minivan
Mandy,Hudson,56,Female,Buick,Traverse,2019,Van/Minivan
Ian,McDonald,63,Male,Ford,458 Italia,1992,Pickup
Leon,Wood,71,Male,Volvo,X5,2003,Wagon
Albert,Bell,56,Male,Saturn,Ram 3500 Quad Cab,2005,Coupe
Damian,Graham,75,Male,Ford,Tundra CrewMax,2006,Sedan
Debra,Craig,39,Female,Ford,Sidekick,2009,Van/Minivan
Rita,Hill,72,Female,Cadillac,Sonic,2014,"Coupe, Sedan"
Julia,Lloyd,88,Female,Lamborghini,Vanquish S,2017,"Hatchback, Wagon"
Jayne,Hunt,72,Female,Oldsmobile,Ram 2500 Quad Cab,1993,Pickup
Terry,James,22,Male,Volkswagen,FX,2005,Sedan
Roy,Frost,28,Male,Chevrolet,A6,2004,SUV
June,Gibbs,70,Female,Hyundai,E350 Super Duty Cargo,2002,Pickup
Stanley,Young,60,Male,Nissan,Tribute,2013,Sedan
Robert,Williamson,83,Male,Mercedes-Benz,Windstar Passenger,2011,"Coupe, Convertible"
Julia,Cross,54,Female,BMW,Corolla,2007,Sedan
June,Khan,62,Female,Chevrolet,F350 Regular Cab,1993,Pickup
Robert,Dixon,26,Male,GMC,XC90,2011,SUV
Duncan,Anderson,25,Male,Land Rover,Ranger Super Cab,2006,Sedan
Linda,Campbell,18,Female,BMW,Envoy,2003,SUV
Charlotte,Owen,63,Female,Ford,G-Class,1993,Hatchback
Kevin,Jones,83,Male,Kia,Cayman,2017,SUV
Gavin,Stephenson,66,Male,Dodge,Soul,2008,SUV
Mathew,Howell,26,Male,Audi,Lanos,2008,SUV
Josh,Humphries,84,Male,Honda,CLK-Class,1994,SUV
Declan,Bryant,31,Male,Kia,Enclave,1996,SUV
Sean,Cook,67,Male,Volkswagen,Expedition,2012,Coupe
Rebecca,Atkinson,34,Female,Toyota,Voyager,2010,SUV
Pauline,Ali,22,Female,Chevrolet,G3,2017,"Coupe, Sedan, Wagon"
Marion,Thorpe,19,Female,Subaru,Giulia,2019,Van/Minivan
Anna,Thompson,48,Female,Lexus,1500 Crew Cab,2009,SUV
Ben,Andrews,42,Male,GMC,Tribute,2012,Pickup
Stephen,Cunningham,49,Male,Ford,4 Series,2017,SUV
Patricia,French,67,Female,Buick,Town & Country,1996,Pickup
Alison,Herbert,61,Female,Ford,Colt,2000,Pickup
Leonard,Preston,27,Male,Dodge,H2,2017,Wagon
Justin,Hussain,24,Male,Dodge,X7,2019,Sedan
Jayne,Harrison,66,Female,GMC,Colorado Extended Cab,2002,Van/Minivan
Jane,Kerr,55,Female,Mitsubishi,SC,2015,Pickup
Harriet,Davies,38,Female,Ford,S60,2015,"Sedan, Wagon"
Lindsey,Vaughan,74,Female,Chrysler,MX-3,2003,Pickup
Dylan,Francis,64,Male,Mercury,Prius Plug-in Hybrid,2002,Pickup
Albert,Carroll,59,Male,Mitsubishi,S8,2006,Van/Minivan
Joe,Edwards,41,Male,Hyundai,Fleetwood,2015,Convertible
James,Edwards,48,Male,Audi,Silverado 2500 HD Crew Cab,2013,Van/Minivan
Max,Gill,63,Male,Dodge,Sienna,2018,Pickup
Hannah,Jones,21,Female,MAZDA,Compass,2001,SUV
Kelly,Taylor,77,Female,Ram,STS,2004,Sedan
Jayne,Harrison,71,Female,Bentley,F350 Super Duty Regular Cab,1995,Sedan
Ashley,Hill,45,Male,Ford,911,2017,Coupe
Gregory,Singh,24,Male,Lexus,Range Rover Evoque,2009,Van/Minivan
Teresa,Read,21,Female,Lexus,xB,2004,Hatchback
Carly,Lamb,61,Female,Nissan,Sunbird,1996,Sedan
Daniel,Bennett,36,Male,Lexus,Santa Fe,2019,"Coupe, Sedan"
Wayne,Smith,35,Male,Lexus,Silverado 1500 Crew Cab,1996,Sedan
Amanda,Skinner,73,Female,Land Rover,3500 HD Extended Cab,2017,SUV
Hazel,Lane,36,Female,Ford,Coupe,1992,"Coupe, Convertible"
Keith,Lyons,20,Male,Toyota,Taurus,2013,Van/Minivan
Hilary,Powell,27,Female,Mitsubishi,Ram 2500 Regular Cab,2017,Sedan
Jodie,Smith,52,Female,BMW,5 Series,2007,Sedan
Stewart,Jarvis,23,Male,Kia,Z3,2010,"Sedan, Coupe"
Lynn,Thomas,73,Female,Nissan,Ram Van 2500,2009,"Sedan, Wagon"
Molly,Dobson,81,Female,GMC,Acadia,1996,Sedan
Nathan,Perry,64,Male,Freightliner,Eclipse Cross,2001,Pickup
Lisa,Griffin,46,Female,Jeep,Accord,2005,Van/Minivan
Robert,Collier,34,Male,Pontiac,CX-5,2002,Coupe
Carole,Harris,48,Female,Chevrolet,LaCrosse,2016,Van/Minivan
Jemma,Butler,44,Female,Dodge,F150 Regular Cab,1999,SUV
Jack,Davies,39,Male,Ford,Camry,2018,Sedan
Tom,Walker,27,Male,Acura,MAZDA3,2004,Pickup
Elliot,Williamson,59,Male,Chevrolet,Highlander,2015,SUV
Janice,Shaw,49,Female,Chevrolet,Z4,2006,SUV
Lewis,Sinclair,30,Male,Mitsubishi,Q70,2014,SUV
Damien,Taylor,67,Male,Nissan,Sedona,2016,SUV
Hilary,Henry,51,Female,Oldsmobile,Silverado 1500 HD Crew Cab,1997,Pickup
Francesca,Barker,81,Female,BMW,Yukon,2002,Sedan
Trevor,Brown,22,Male,Nissan,Silverado 3500 Regular Cab,1993,Sedan
Sam,Smith,26,Male,Chevrolet,Tacoma Regular Cab,1995,SUV
Bethany,Knowles,91,Female,Ford,Sierra 3500 HD Crew Cab,2010,Convertible
Anthony,Clarke,89,Male,Lincoln,Savana 3500 Cargo,1996,Pickup
Cameron,Bruce,62,Male,Nissan,Spark,2010,Pickup
Sam,Miah,51,Male,Mercedes-Benz,Jetta,1993,Van/Minivan
Richard,Dunn,55,Male,Isuzu,626,1993,Sedan
Alexander,Gardner,65,Male,Mercedes-Benz,A5,2007,Pickup
Margaret,Watson,59,Female,Ford,Altima,2019,Sedan
Liam,Wong,29,Male,Lexus,X6 M,2010,"Coupe, Convertible"
Christopher,Edwards,83,Male,Chevrolet,CLA-Class,2008,"Sedan, Wagon"
Megan,Sharpe,39,Female,GMC,M,2007,SUV
Gerald,Blake,25,Male,Chrysler,Soul,2012,SUV
Peter,Robson,19,Male,GMC,Sephia,2003,Sedan
Susan,Cooper,25,Female,Kia,Talon,2019,Hatchback
Scott,Wilkins,27,Male,INFINITI,Silverado 2500 HD Crew Cab,2016,SUV
Bernard,O'Connor,30,Male,Chevrolet,Escalade,2005,Van/Minivan
Jamie,Parry,32,Male,Chevrolet,Viper,1995,Pickup
Amy,Rice,89,Female,Land Rover,900,2014,Pickup
Dean,Taylor,35,Male,Isuzu,Sorento,1995,Sedan
Kirsty,Davies,87,Female,Volvo,MX-6,2008,Convertible
Duncan,Collins,71,Male,Ferrari,Maxima,2017,SUV
Gillian,Ahmed,63,Female,Land Rover,1 Series,1995,Pickup
Victoria,Khan,42,Female,Chevrolet,Defender 110,2007,Sedan
Cheryl,Ball,46,Female,Hyundai,RL,2009,Van/Minivan
Susan,Steele,40,Female,Hyundai,G,1997,Van/Minivan
Kelly,Bennett,19,Female,Freightliner,T100 Regular Cab,2012,Sedan
Tracy,Gallagher,87,Female,Ford,2500 Crew Cab,1994,Van/Minivan
Howard,Wallace,87,Male,Kia,Mercedes-Maybach S-Class,1992,Sedan
Zoe,McCarthy,74,Female,BMW,Cougar,2003,SUV
Jennifer,Davies,77,Female,FIAT,Odyssey,2002,Convertible
Donald,Hall,36,Male,Chevrolet,Rodeo,2014,SUV
Melanie,Page,64,Female,Ford,Dakota Club Cab,2015,Sedan
Jade,Weston,78,Female,GMC,Grand Caravan Passenger,2020,Convertible
Bernard,Baker,20,Male,Chevrolet,Windstar Passenger,2015,SUV
David,Collins,43,Male,Mitsubishi,S10 Extended Cab,2018,Pickup
Philip,Jackson,37,Male,Cadillac,Highlander,2011,"Sedan, Wagon"
Derek,Khan,23,Male,Nissan,MKZ,2017,Convertible
Dennis,Dickinson,90,Male,Acura,Savana 2500 Passenger,2012,SUV
Chelsea,Faulkner,47,Female,Lexus,Transit Connect Passenger,1996,SUV
Maureen,Hughes,87,Female,Ford,Odyssey,2000,Sedan
Kelly,Robinson,45,Female,Audi,6 Series,2008,Pickup
Robin,Young,31,Male,Cadillac,Wrangler Unlimited,1995,Coupe
Louis,Jackson,61,Male,Toyota,300 SE,1995,Pickup
Kathryn,Allen,71,Female,Chevrolet,Soul,2008,SUV
Jasmine,Taylor,75,Female,Ford,Wrangler,2018,"Sedan, Wagon"
Vincent,Taylor,81,Male,Audi,Continental,2000,Pickup
Jean,Dawson,21,Female,Chevrolet,Lanos,2012,Sedan
Jordan,Gibbs,53,Male,Ford,Frontier Crew Cab,1995,Van/Minivan
Kayleigh,Evans,18,Female,Ford,Ranger Regular Cab,1992,Van/Minivan
Kenneth,Bell,79,Male,Mercedes-Benz,Trax,2002,Wagon
Kirsty,Burgess,42,Female,Porsche,ProMaster City,2004,Pickup
Connor,Banks,53,Male,Jeep,300M,2009,Hatchback
Tina,Marshall,76,Female,Nissan,LX,1993,"Sedan, Coupe, Convertible"
Laura,Johnson,70,Female,Mitsubishi,LX,2001,SUV
Scott,Hunt,78,Male,Land Rover,Range Rover,1997,SUV
Lewis,Miller,83,Male,Nissan,ES,2014,Van/Minivan
Owen,Wallis,55,Male,Acura,Z4,2000,"Coupe, Convertible"
Gerard,Morgan,63,Male,Mitsubishi,Outlander,2002,SUV
Rhys,Jones,49,Male,Oldsmobile,Silverado 1500 Crew Cab,2007,Pickup
William,Knowles,87,Male,Lexus,Mark VIII,2007,Sedan
Leanne,Flynn,29,Female,Chevrolet,NV3500 HD Cargo,2014,Sedan
Lesley,Miles,88,Female,Acura,F350 Regular Cab,2003,Pickup
Hugh,Jackson,23,Male,Toyota,Insight,2003,Pickup
Jonathan,Bowen,87,Male,Buick,Z4,2016,SUV
Josh,Ryan,39,Male,MAZDA,164,2013,Sedan
Bethany,Taylor,32,Female,GMC,MR2,2010,Sedan
Clive,Dean,18,Male,Mitsubishi,Continental,2005,"Coupe, Sedan, Convertible"
Rachael,Jones,53,Female,Lexus,Z4,2008,Convertible
Chloe,Richardson,56,Female,Porsche,3500 Extended Cab,2019,Van/Minivan
Elliott,Taylor,35,Male,Ford,Maxima,1998,"Coupe, Sedan, Convertible"
Lauren,Wyatt,27,Female,Mercedes-Benz,Land Cruiser,2003,Pickup
Rachel,Cook,87,Female,Chevrolet,Frontier Regular Cab,2020,Sedan
Owen,Clarke,38,Male,Mercedes-Benz,xD,2018,"Sedan, Wagon"
Yvonne,Brown,86,Female,Ford,240SX,2013,Sedan
Bruce,Jennings,46,Male,Chevrolet,Grand Prix,2010,Convertible
Irene,Harper,36,Female,GMC,Ram 2500 Regular Cab,2005,SUV
Martin,Peacock,60,Male,Ford,Sedona,2017,Coupe
Chloe,Doyle,23,Female,Hyundai,Suburban 2500,2015,Sedan
Craig,Walker,59,Male,Chevrolet,F150 Regular Cab,1996,SUV
Maurice,Wilson,44,Male,Audi,Raider Double Cab,2000,Sedan
James,Thompson,91,Male,BMW,Mustang,2013,Hatchback
Ann,John,86,Female,Buick,3500 Crew Cab,1997,SUV
Jake,Wright,23,Male,Jaguar,Galant,2017,Sedan
Mary,Ford,56,Female,MAZDA,Transit Connect Cargo,2001,Sedan
Adam,Humphreys,69,Male,Subaru,Versa Note,2003,SUV
Patricia,Gough,26,Female,Buick,Escalade ESV,1994,SUV
Natasha,Wood,48,Female,Chevrolet,Evora,2005,Coupe
Terence,Douglas,86,Male,Chevrolet,Cayman,1992,Pickup
Catherine,Baker,37,Female,MAZDA,X5 M,2009,Wagon
Joan,Hall,68,Female,Dodge,RDX,2013,Pickup
Eleanor,Chadwick,46,Female,Chevrolet,RAV4,2005,Hatchback
Mohammed,Perry,28,Male,Ford,Regency,2014,Pickup
Jeffrey,Holmes,18,Male,Chevrolet,Navigator L,2002,Sedan
Jason,Reynolds,36,Male,Kia,SL-Class,2005,SUV
Katherine,Watson,45,Female,BMW,C70,1997,SUV
Dennis,Martin,68,Male,Buick,Silhouette,1996,"Sedan, Coupe"
Lawrence,Ross,18,Male,Ford,Eclipse,1998,Wagon
Abigail,Edwards,84,Female,Volvo,Sentra,2004,Sedan
Annette,Hill,74,Female,Pontiac,Cavalier,2018,Sedan
Kyle,Wallis,39,Male,Chevrolet,Phantom,2014,Sedan
Donald,Bell,91,Male,Porsche,Acadia,1999,Van/Minivan
Sean,Collins,24,Male,GMC,Ghost,2009,Pickup
Toby,Williams,70,Male,Dodge,Suburban 1500,2014,Van/Minivan
Bryan,Page,68,Male,McLaren,Silverado 1500 Crew Cab,2005,"Coupe, Convertible"
Kayleigh,Grant,48,Female,Jeep,Grand Caravan Passenger,2012,SUV
June,White,65,Female,GMC,Tundra Double Cab,2008,SUV
Marcus,Miah,22,Male,Ford,Sprinter 2500 Cargo,2002,SUV
Melissa,Ward,70,Female,Chevrolet,Previa,1995,Sedan
Jeffrey,Holt,28,Male,GMC,Express 1500 Passenger,1994,Van/Minivan
Shannon,Matthews,60,Female,Saab,86,2001,Pickup
Zoe,Shaw,90,Female,MAZDA,Focus,2005,Van/Minivan
Arthur,Fleming,71,Male,Ford,Esteem,2019,SUV
Claire,Gill,66,Female,GMC,C-Class,1999,"Sedan, Convertible"
Glenn,Walters,77,Male,Suzuki,cube,2015,SUV
Diane,Smith,83,Female,Hyundai,Scoupe,2014,Pickup
Julian,King,20,Male,Suzuki,Navigator,2017,Sedan
Jessica,Robinson,25,Female,GMC,GLE,2002,Van/Minivan
Allan,Gould,58,Male,Acura,Ranger Regular Cab,2002,Convertible
Shirley,Shah,80,Female,Chevrolet,Mighty Max Macro Cab,2003,SUV
Bernard,Hughes,31,Male,Oldsmobile,MKT,1996,Coupe
Rita,Smith,79,Female,Volkswagen,Grand Cherokee,1998,"Sedan, Hatchback"
Hazel,Taylor,67,Female,FIAT,CX-9,2018,Pickup
Chloe,Price,63,Female,Ford,Defender 90,1992,SUV
Kyle,Palmer,40,Male,Dodge,Vantage,2005,Convertible
Ellie,Stevenson,86,Female,Subaru,62,2011,Pickup
Maria,Wilkins,74,Female,Chevrolet,Savana 2500 Cargo,2005,Hatchback
Jenna,Austin,41,Female,FIAT,Sierra 1500 Crew Cab,1993,Sedan
Leanne,Ward,69,Female,BMW,Transit Connect Passenger,2001,Sedan
Linda,Bryan,18,Female,Toyota,NV2500 HD Cargo,1992,"Coupe, Convertible"
Brenda,Richardson,35,Female,GMC,MPV,2010,Pickup
Bruce,Stevens,44,Male,Mitsubishi,Mirage,1999,SUV
Brenda,Jones,19,Female,Saturn,SLK-Class,2013,Convertible
Bruce,Williams,53,Male,GMC,88,2006,Sedan
Mathew,Palmer,59,Male,Ford,Tracker,1999,Pickup
Holly,Welch,62,Female,Mercedes-Benz,Hombre Regular Cab,2005,Sedan
Neil,Howells,60,Male,Lincoln,Mercedes-AMG CLA,2019,"Sedan, Wagon"
Tom,Hunter,40,Male,GMC,M3,1997,Wagon
Eric,Hart,36,Male,MAZDA,Envision,2019,"Coupe, Convertible"
Benjamin,Wood,31,Male,Pontiac,626,2000,SUV
Gillian,Phillips,73,Female,INFINITI,Highlander,2013,"Coupe, Convertible"
Dylan,Smith,28,Male,Toyota,Impala,2003,Convertible
Declan,Thomas,83,Male,Dodge,Vibe,1999,"Coupe, Convertible"
Judith,Robinson,22,Female,Mercury,Explorer,2010,SUV
Alexandra,Holt,28,Female,Honda,SLK-Class,2012,Van/Minivan
Kyle,Ford,35,Male,Pontiac,Protege,1995,Van/Minivan
Abbie,O'Brien,58,Female,Ford,Aspire,2008,Pickup
Julie,Cook,77,Female,Subaru,Suburban 1500,2006,"Sedan, Hatchback"
Norman,Howells,87,Male,Toyota,NV2500 HD Cargo,2000,Pickup
Benjamin,Smith,67,Male,Ford,Quest,1995,SUV
William,Green,25,Male,Nissan,Trooper,2020,"Sedan, Hatchback"
Harriet,Butler,29,Female,Chevrolet,E150 Passenger,2004,Coupe
Damian,Thomas,85,Male,Cadillac,Sierra 3500 HD Regular Cab,2000,SUV
Graham,Kay,53,Male,MAZDA,GLA,1992,Van/Minivan
Tracy,Rowley,50,Female,Hyundai,Tacoma Double Cab,2011,Pickup
Beth,Gregory,58,Female,Acura,Sierra 2500 HD Crew Cab,2015,"Hatchback, Convertible"
Jessica,Price,31,Female,BMW,Lumina,2010,"Coupe, Convertible"
Kieran,Heath,83,Male,Toyota,A6,1992,SUV
Stewart,Smith,34,Male,Chevrolet,Legacy,2004,Sedan
Joan,Khan,20,Female,Volkswagen,LaCrosse,2003,Van/Minivan
Gerald,Miles,83,Male,Ford,Sierra 3500 HD Crew Cab,2013,Van/Minivan
Declan,Kennedy,74,Male,Ford,Explorer,2002,Sedan
Rhys,Sims,88,Male,Oldsmobile,500L,2002,Pickup
Laura,Saunders,86,Female,GMC,2500 Regular Cab,2017,Wagon
Clare,Davies,91,Female,Audi,M6,2017,"Coupe, Convertible"
Wendy,Craig,50,Female,BMW,A3,2012,Hatchback
Oliver,Burton,62,Male,GMC,Silverado 1500 Crew Cab,2009,Pickup
Hugh,Elliott,79,Male,Chevrolet,Sable,2008,Wagon
Jemma,Collins,42,Female,Dodge,Ridgeline,2001,"Sedan, Convertible"
Claire,Lord,68,Female,Toyota,F250 Super Duty Crew Cab,1999,Sedan
Stuart,Williams,36,Male,Aston Martin,Savana 3500 Cargo,2008,"Sedan, Coupe, Convertible"
Ian,Berry,73,Male,Ram,HR-V,2005,Pickup
Danielle,Baxter,51,Female,Plymouth,MX-5 Miata,2000,Sedan
Pamela,Dixon,28,Female,Hyundai,3 Series,2011,"SUV, Wagon"
Glen,Joyce,83,Male,Mercedes-Benz,Crosstour,2002,Sedan
Nigel,Campbell,52,Male,Volkswagen,Cherokee,2007,SUV
Megan,Bradley,71,Female,Honda,Q50,2017,Pickup
Raymond,Phillips,40,Male,Chevrolet,Forester,2002,Coupe
Rosie,Holden,38,Female,Nissan,Bolt EV,1994,Convertible
Alexander,Jones,88,Male,GMC,Pathfinder,1992,"Sedan, Coupe, Wagon, Convertible"
Glen,Frost,65,Male,Chrysler,Freestyle,1999,Van/Minivan
Samuel,Webb,63,Male,Chevrolet,2500 Mega Cab,2011,Pickup
Thomas,Morgan,45,Male,Ford,F350 Super Duty Crew Cab,2001,"Hatchback, Convertible"
Anne,Davis,74,Female,Chrysler,S40,2018,Sedan
Shirley,Richardson,61,Female,GMC,Golf,2018,SUV
Dennis,Turner,76,Male,Volvo,Windstar Passenger,2012,Pickup
Annette,Wilson,19,Female,MAZDA,Lancer,1994,Pickup
Kenneth,Singh,38,Male,Audi,Mercedes-AMG S-Class,2008,SUV
Katy,Brown,27,Female,Scion,Metro,2010,Sedan
Christian,Cooke,38,Male,Audi,Endeavor,2017,"Hatchback, Convertible"
Rosemary,White,18,Female,Ford,Concorde,2009,Coupe
Shaun,Clarke,35,Male,Volvo,MX-6,2001,Pickup
Carole,Lee,63,Female,Maserati,CTS-V,2016,Pickup
Brenda,Osborne,83,Female,Toyota,MAZDA6,2011,"Coupe, Sedan"
Benjamin,Price,58,Male,Toyota,ZDX,1995,SUV
Alan,Richards,28,Male,MINI,GranSport,2011,Hatchback
Amelia,Blake,76,Female,Dodge,Montana,2013,Sedan
Craig,Clarke,51,Male,Volkswagen,Ridgeline,2015,Van/Minivan
Ian,Pickering,81,Male,Toyota,VehiCROSS,2016,Wagon
Joan,Middleton,88,Female,Subaru,Voyager,2015,Sedan
Jayne,Palmer,53,Female,Acura,F350 Super Duty Crew Cab,2007,Sedan
Lauren,Ellis,76,Female,Mercedes-Benz,E350 Super Duty Cargo,1992,SUV
Bernard,Martin,56,Male,GMC,GTI,1999,Sedan
Christine,O'Neill,55,Female,Chrysler,Santa Fe XL,2003,SUV
Callum,Goodwin,90,Male,Land Rover,3500 Extended Cab,2004,"Wagon, Sedan"
Tracy,Barker,65,Female,Dodge,Equus,2012,SUV
Geoffrey,Gordon,78,Male,Audi,300,2000,Coupe
Mandy,Gilbert,30,Female,Toyota,Santa Fe,1998,SUV
Andrew,Harvey,61,Male,Mercury,Maxima,2001,Van/Minivan
Callum,Haynes,87,Male,Pontiac,S60,2019,"Sedan, Coupe"
Lauren,Coleman,26,Female,Oldsmobile,NV200,2000,Pickup
Joel,White,75,Male,Chevrolet,Mystique,2010,Sedan
Jake,Kaur,56,Male,Land Rover,Durango,1993,SUV
Iain,Baker,27,Male,Toyota,S2000,2019,Pickup
Barbara,Butcher,19,Female,GMC,Hardtop 2 Door,1992,Van/Minivan
Dennis,Khan,73,Male,Toyota,Suburban 2500,2018,Pickup
Jason,Moore,48,Male,Volkswagen,3500 Club Coupe,2003,Pickup
Jason,Jones,65,Male,Toyota,Suburban,2019,Pickup
Christine,McDonald,82,Female,Lexus,Savana 3500 Passenger,2012,"Sedan, Coupe, Convertible"
Gerard,Morley,64,Male,Chevrolet,500c Abarth,1992,SUV
Callum,Birch,72,Male,Ram,Camry,2003,Wagon
Lynn,Hale,65,Female,Toyota,Explorer,2002,SUV
Jodie,Murphy,35,Female,Land Rover,Aurora,2012,Sedan
Simon,Brown,53,Male,Toyota,Villager,2011,Sedan
Lauren,Patel,30,Female,Oldsmobile,Navajo,2011,Pickup
Carole,Patel,40,Female,Ford,370Z,2005,Sedan
Ashleigh,Patel,70,Female,Cadillac,CL-Class,2015,Sedan
Stephanie,Sutton,35,Female,Chevrolet,F250 Super Duty Super Cab,2017,"Sedan, Wagon"
Joel,Richards,69,Male,Kia,MDX,2000,Sedan
Irene,Harris,77,Female,Ford,QX30,2013,Sedan
Dominic,Read,84,Male,Buick,S10 Extended Cab,1992,Hatchback
Grace,Page,62,Female,Lexus,Prius,2009,"Sedan, Coupe, Convertible"
Denis,Smith,55,Male,Ford,Tundra Regular Cab,2014,Sedan
Kayleigh,Green,45,Female,Nissan,Escort,2008,Wagon
Charlene,Smith,31,Female,Chevrolet,Town & Country,1995,Sedan
Malcolm,Bell,89,Male,Nissan,Ram 3500 Regular Cab,2011,Pickup
Shannon,Hardy,67,Female,Toyota,Spectra,2013,Pickup
Reece,Archer,49,Male,Volkswagen,A4,1999,"Convertible, Sedan, Wagon"
Ryan,Watson,29,Male,Toyota,Montero Sport,2013,Sedan
Michael,Anderson,85,Male,Rolls-Royce,Elantra,2003,"Sedan, Coupe, Convertible"
George,Watson,69,Male,Nissan,NV200,2017,"Sedan, Hatchback"
Joan,Miah,58,Female,Chevrolet,Viper,2005,Van/Minivan
Sophie,Martin,31,Female,Dodge,del Sol,2015,Van/Minivan
Glen,Little,90,Male,BMW,Eurovan,2013,Pickup
Max,Jenkins,39,Male,Ford,Wrangler,2002,Pickup
Maria,McCarthy,63,Female,Subaru,Equinox,1997,Sedan
Neil,Akhtar,66,Male,Audi,G-Class,2016,Van/Minivan
Neil,Morris,41,Male,Porsche,Civic,2015,Sedan
Caroline,Potter,48,Female,Nissan,Navigator L,2019,Sedan
Bryan,Wallace,53,Male,Hyundai,SLX,2018,SUV
Dylan,Pugh,57,Male,Hyundai,Metro,1993,Wagon
Susan,Singh,67,Female,Lexus,Sierra 1500 Extended Cab,2014,Coupe
Liam,Smith,84,Male,Dodge,F350 Super Duty Super Cab,2018,Wagon
Lorraine,Roberts,82,Female,Oldsmobile,Elantra GT,2019,SUV
Gregory,Godfrey,90,Male,Lexus,RL,2005,Coupe
Kelly,Read,46,Female,Ram,NV2500 HD Cargo,2013,Coupe
Hazel,White,75,Female,Mercedes-Benz,I,2010,Hatchback
Mathew,Miller,54,Male,MINI,S10 Extended Cab,2008,Van/Minivan
Leigh,Williams,78,Male,Mercedes-Benz,Dakota Regular Cab,2000,Sedan
Christopher,Jones,90,Male,Lexus,Savana 2500 Cargo,1999,SUV
Maurice,Henderson,23,Male,Mitsubishi,SL-Class,2016,"Coupe, Sedan"
Fiona,King,82,Female,GMC,Sierra 2500 HD Regular Cab,1992,Pickup
Lorraine,Knowles,62,Female,GMC,R-Class,2005,Pickup
Melanie,Moss,74,Female,Alfa Romeo,F150 Super Cab,2005,"Convertible, Coupe"
Yvonne,Hayes,63,Female,GMC,Dart,2007,SUV
Alison,Gardner,65,Female,Pontiac,LX,2003,"Sedan, Convertible"
Teresa,Lloyd,91,Female,Ford,Neon,1998,Hatchback
Brian,Hicks,19,Male,Audi,Savana 1500 Passenger,2000,"Convertible, Coupe"
Jason,Adams,55,Male,Ford,Fusion,2003,Hatchback
Terry,King,80,Male,Nissan,QX50,1994,Van/Minivan
Michelle,Lord,86,Female,HUMMER,Ram Wagon 1500,1996,Pickup
Jasmine,Bruce,44,Female,Lexus,Fleetwood,2002,Sedan
Joyce,Griffiths,50,Female,Ford,Ram Van 2500,2017,Sedan
Colin,Johnson,38,Male,Ferrari,FX,2005,SUV
Eric,O'Donnell,32,Male,Chrysler,Dakota Quad Cab,2015,SUV
Leanne,Mitchell,28,Female,Pontiac,LHS,1993,Sedan
Mohamed,Rogers,55,Male,Chevrolet,Achieva,2016,SUV
Clifford,Smith,31,Male,Volvo,Savana 3500 Passenger,1995,SUV
Charlie,Williams,55,Male,Lexus,Silverado 1500 Crew Cab,2005,Wagon
Suzanne,Anderson,55,Female,Honda,B-Series Cab Plus,1995,Sedan
Damian,Phillips,42,Male,Chrysler,86,1995,SUV
Luke,Reid,37,Male,Jeep,Corolla,2014,"Coupe, Convertible"
Frances,Randall,49,Female,Lamborghini,Lanos,1994,SUV
Nicholas,Murphy,78,Male,Lotus,Monterey,2017,Van/Minivan
Nigel,Hall,39,Male,Land Rover,NV1500 Cargo,1999,Van/Minivan
Douglas,Parker,91,Male,Dodge,Tacoma Access Cab,2016,Convertible
Peter,Smith,49,Male,Toyota,Tucson Fuel Cell,2019,Van/Minivan
Valerie,Clayton,32,Female,Pontiac,Sportage,1994,Van/Minivan
Katie,Owen,84,Female,Jeep,Rio,2005,Pickup
Marilyn,Jones,33,Female,Mercedes-Benz,Escalade,2006,Sedan
Mohamed,Jarvis,84,Male,Dodge,6 Series,2010,SUV
Aimee,Sutton,54,Female,Suzuki,Envoy,2010,Van/Minivan
Sheila,Kennedy,58,Female,Audi,RAV4 Hybrid,2011,Pickup
Alex,Sharp,52,Male,Dodge,Durango,2004,Pickup
Ellie,Atkinson,65,Female,Ram,Samurai,2000,SUV
Sheila,Ellis,46,Female,Mitsubishi,Corvette,1996,SUV
Dean,Gregory,44,Male,Pontiac,Azera,1996,Pickup
Vincent,Phillips,50,Male,Hyundai,Transit 350 Van,2004,Sedan
Roger,Graham,84,Male,Honda,Crown Victoria,2007,Sedan
Rebecca,West,30,Female,Mercedes-Benz,M3,2002,"Convertible, Coupe"
Gemma,Kent,42,Female,Chevrolet,F250 Super Duty Super Cab,2003,Sedan
Arthur,Smith,77,Male,Jaguar,S3,2009,Wagon
Christine,Harrison,81,Female,Volvo,V70,2017,"Coupe, Convertible"
Beverley,Thomas,83,Female,Chevrolet,Corolla,2011,SUV
Samantha,Khan,41,Female,BMW,GLK-Class,2006,Convertible
Raymond,Duncan,43,Male,INFINITI,Q7,1992,Sedan
Billy,Edwards,39,Male,Chevrolet,ZDX,2014,Convertible
Patricia,Crawford,68,Female,Ford,Impreza,1993,Sedan
Oliver,Newton,74,Male,Isuzu,Jetta (New),2005,Pickup
Kevin,Moore,87,Male,Mercedes-Benz,Sonoma Club Cab,2001,Sedan
Kirsty,Walters,68,Female,Ford,500 Abarth,1996,Wagon
Simon,Wright,85,Male,Mitsubishi,3500 Regular Cab,2002,Sedan
Charlie,Taylor,85,Male,Buick,Golf,2006,Hatchback
Arthur,Evans,19,Male,Lincoln,GTO,2015,Coupe
Joel,Harris,52,Male,Acura,Pilot,2017,Wagon
Frederick,Farrell,53,Male,Audi,Golf R,2015,SUV
Cameron,Lewis,34,Male,Pontiac,GT,2007,SUV
Trevor,Phillips,42,Male,Audi,CLK-Class,2016,Sedan
Clive,Roberts,89,Male,Cadillac,LR4,2013,Pickup
Margaret,Campbell,40,Female,Honda,Ram 3500 Quad Cab,2000,Pickup
Tony,Graham,90,Male,Toyota,Safari Cargo,2017,Van/Minivan
Norman,Davies,61,Male,Toyota,RDX,1996,SUV
Trevor,Poole,39,Male,Mercury,Liberty,2015,"Wagon, Convertible"
Caroline,Hall,51,Female,Jeep,Taurus,1994,SUV
Shane,Parry,34,Male,Toyota,Park Avenue,2017,"Convertible, Coupe"
Lisa,Clark,61,Female,Land Rover,Accent,2019,Sedan
Jacob,Collins,75,Male,GMC,RDX,2008,"Hatchback, Convertible"
Alice,Martin,57,Female,Nissan,Escort,2019,SUV
Alex,Gardiner,71,Male,Dodge,V60,1997,Hatchback
Kerry,Roberts,23,Female,GMC,Range Rover,2016,SUV
Jane,Turner,29,Female,Acura,Elantra,2018,Sedan
Shannon,Burrows,23,Female,GMC,tC,2009,SUV
Jade,Roberts,81,Female,Jaguar,SL-Class,2016,Hatchback
Gary,Roberts,74,Male,Ford,Silverado 2500 Extended Cab,2010,Convertible
Ronald,Hanson,43,Male,Ford,Countryman,1999,SUV
Abigail,Barnes,83,Female,Lincoln,Vandura G3500,2017,Van/Minivan
Stephen,White,84,Male,Chevrolet,Excursion,2018,SUV
Bethany,Pearce,73,Female,Dodge,Countryman,2000,Sedan
Chloe,Abbott,50,Female,Chevrolet,Ranger Super Cab,1994,Van/Minivan
Jean,Peters,33,Female,Kia,Regular Cab,2003,"Coupe, Sedan, Hatchback"
Mohammed,Jennings,76,Male,Lexus,740,2015,"Sedan, Coupe"
Josephine,Harding,57,Female,Chevrolet,Sequoia,2015,"Sedan, Convertible, Coupe"
Jill,Wheeler,58,Female,Audi,Escape,2016,SUV
Samuel,Phillips,59,Male,Jeep,NSX,2003,Sedan
Margaret,Riley,23,Female,Chevrolet,Challenger,2015,Pickup
Danny,Wilkinson,48,Male,Ford,CR-Z,2020,"Wagon, Sedan"
Rhys,Mills,26,Male,Ford,X4,2013,Sedan
Marc,Davis,33,Male,Cadillac,1500 Regular Cab,1995,Convertible
Deborah,Foster,78,Female,BMW,IS,2019,Sedan
Philip,Cooper,79,Male,GMC,LX,1994,Coupe
Gillian,Noble,77,Female,GMC,Silverado 1500 Crew Cab,2017,SUV
Edward,Edwards,23,Male,BMW,Range Rover Evoque,2016,Coupe
Sylvia,Lloyd,33,Female,Lexus,Fit,2007,Sedan
Hilary,Smith,76,Female,Nissan,Five Hundred,2010,"Sedan, Wagon"
Leigh,Fitzgerald,32,Male,Buick,Expedition,2005,Van/Minivan
Stephen,Baldwin,28,Male,BMW,Savana 1500 Cargo,1995,Van/Minivan
Carl,Hardy,55,Male,Chevrolet,1500 Regular Cab,2004,"Sedan, Hatchback"
Alexander,Evans,53,Male,BMW,A8,1999,Sedan
Cheryl,Nelson,63,Female,Kia,G-Class,2000,Wagon
Colin,Mahmood,37,Male,GMC,F150 Super Cab,2020,Convertible
Gregory,Price,23,Male,Suzuki,H2,2006,Coupe
Derek,Rogers,48,Male,Volkswagen,Tribeca,2018,Van/Minivan
Jasmine,Jones,49,Female,Toyota,300 E,1998,Sedan
Tina,Watkins,33,Female,Volkswagen,3 Series,2000,Hatchback
Naomi,Parker,63,Female,GMC,SRX,1992,"Hatchback, Sedan"
Sylvia,Carroll,73,Female,Jeep,XJ,2020,SUV
Hollie,O'Brien,91,Female,Dodge,Explorer,1995,SUV
Wendy,Dyer,53,Female,GMC,Sportage,2018,Convertible
Leigh,Pugh,25,Male,Ford,Ram 3500 Club Cab,2020,Pickup
Marian,Thomas,69,Female,INFINITI,Touareg,2010,SUV
Gillian,Knight,18,Female,Dodge,Huracan,2003,SUV
Oliver,Wyatt,66,Male,Lincoln,Crosstrek,2006,Convertible
Barbara,Garner,67,Female,Toyota,Viper,1994,"Sedan, Hatchback"
Nicole,Davies,34,Female,Chevrolet,Encore,2017,Pickup
Kimberley,Taylor,27,Female,Ford,Villager,2019,"Wagon, Sedan"
Lewis,Clark,69,Male,Chrysler,TT,2013,SUV
Ricky,Hutchinson,40,Male,Subaru,Transit 350 HD Van,1996,SUV
Arthur,Harrison,55,Male,HUMMER,Forester,2011,Sedan
Martin,Griffiths,70,Male,Mercedes-Benz,Ram 3500 Quad Cab,1998,SUV
Kevin,Marsh,30,Male,Mitsubishi,7 Series,2008,Pickup
Jay,Marshall,71,Male,Isuzu,Alero,2009,Pickup
Danny,Murphy,34,Male,Ford,iA,2007,"Coupe, Convertible"
Adrian,Williams,50,Male,Ram,Cooper,1997,Pickup
Norman,Baker,79,Male,Ford,Silverado 1500 Crew Cab,2018,SUV
Ryan,Farrell,26,Male,BMW,5 Series,2007,Convertible
Catherine,Mitchell,85,Female,Lexus,Impreza,2018,Wagon
Patrick,Williams,86,Male,Lotus,Passport,2004,"Hatchback, Sedan"
Dean,Forster,88,Male,GMC,Frontier Crew Cab,2019,Sedan
June,Rose,66,Female,Acura,911,1992,Sedan
Jonathan,Lee,40,Male,Jeep,C-HR,2009,Pickup
Margaret,Parker,29,Female,MAZDA,Sierra 3500 HD Regular Cab,2020,Sedan
Kayleigh,Singh,50,Female,Toyota,Forte5,2007,Coupe
Helen,Jarvis,21,Female,MAZDA,S-Class,1997,Hatchback
Stacey,Craig,53,Female,Mitsubishi,Sedona,2015,Pickup
Julie,Howe,23,Female,Jaguar,Canyon Regular Cab,1995,SUV
Ashley,Welch,45,Male,Ford,Prius c,2018,Van/Minivan
Margaret,Wood,71,Female,Mercedes-Benz,MP4-12C,2019,SUV
Naomi,Hayes,70,Female,GMC,ATS-V,2016,Convertible
Norman,Harding,68,Male,Lincoln,Ranger Super Cab,1999,SUV
Henry,McDonald,34,Male,Lexus,Corolla,2012,SUV
Norman,Edwards,61,Male,Chevrolet,Suburban 2500,2016,Sedan
Jonathan,Roberts,19,Male,Chrysler,F350 Super Duty Regular Cab,2016,Pickup
Caroline,Hutchinson,35,Female,Suzuki,XF,2003,Sedan
Paula,Field,57,Female,MINI,SRX,2015,Sedan
Victoria,Smith,67,Female,Cadillac,Explorer,2014,Sedan
Fiona,Young,84,Female,Mercedes-Benz,Topaz,2016,Sedan
Clifford,Ali,78,Male,Mitsubishi,3-Sep,2010,Hatchback
Ian,Allen,71,Male,Toyota,Azera,2018,"Hatchback, Sedan"
Gillian,Jones,85,Female,Oldsmobile,Yukon XL,1994,Van/Minivan
Hollie,Potts,40,Female,Chevrolet,SQ5,2010,SUV
Stephen,Watkins,48,Male,Lamborghini,Sprinter 3500 Cargo,2020,Sedan
Neil,Evans,60,Male,Mitsubishi,Odyssey,1996,SUV
Gavin,Bell,68,Male,Ford,S8,2005,"Sedan, Wagon"
Sheila,Anderson,78,Female,Jaguar,X5,2012,SUV
Lee,Holland,86,Male,Toyota,Touareg,2015,Pickup
Stacey,Atkins,71,Female,Toyota,Accord,2006,SUV
Dawn,Porter,81,Female,Cadillac,Quattroporte,2019,"Coupe, Sedan"
June,Lawrence,52,Female,Honda,2500 Regular Cab,2019,"Coupe, Convertible"
Sara,Jones,91,Female,Chevrolet,TrailBlazer,1999,Pickup
Steven,Brown,32,Male,GMC,Durango,2016,Sedan
Martyn,Young,67,Male,Kia,CT6-V,1992,Coupe
Nathan,Carter,20,Male,Dodge,Trans Sport,2006,Sedan
Rosemary,Evans,90,Female,Porsche,Range Rover Evoque,2017,Hatchback
Arthur,Watson,82,Male,Ford,57,1995,Sedan
Megan,Gilbert,46,Female,Scion,Pilot,2004,Sedan
Glen,Hayes,88,Male,Mitsubishi,Cougar,2003,SUV
Hazel,Savage,20,Female,Mercedes-Benz,C-Class,2010,SUV
Jasmine,Jenkins,40,Female,Chevrolet,Taurus,2019,SUV
Jade,Sutton,76,Female,Ram,Cobalt,2016,Pickup
Sandra,Walsh,67,Female,Chevrolet,F150 SuperCrew Cab,2018,Van/Minivan
Mohammed,Evans,20,Male,Lexus,Flex,2018,"Coupe, Convertible"
Samantha,Newton,31,Female,Dodge,Terrain,1993,SUV
Samantha,Taylor,69,Female,Chevrolet,RAV4,2000,SUV
Vincent,Davison,56,Male,Dodge,1 Series,2007,Sedan
Simon,Foster,60,Male,Toyota,Town & Country,2003,"Sedan, Hatchback"
Guy,Reed,46,Male,Lexus,Seville,2005,Pickup
Georgia,Fisher,29,Female,Chevrolet,720S,2014,Pickup
Owen,Hamilton,51,Male,Buick,Mercedes-AMG GT,2015,Pickup
Donna,Wright,37,Female,Volkswagen,MAZDA6,2003,Hatchback
Stacey,O'Neill,37,Female,MAZDA,S60,2012,Sedan
Trevor,Hopkins,55,Male,Toyota,SL-Class,2017,Pickup
Shane,Thompson,87,Male,Acura,Silverado 2500 HD Regular Cab,2016,Pickup
Raymond,Brooks,26,Male,Ford,1500 Regular Cab,1997,Pickup
Stewart,Bennett,31,Male,Ford,ProMaster Cargo Van,2001,SUV
Kerry,Lloyd,48,Female,MAZDA,XLR,2020,Hatchback
Ashley,Watson,55,Male,Kia,Dakota Crew Cab,2004,SUV
Victor,Buckley,75,Male,INFINITI,XL-7,2018,SUV
Max,Kent,43,Male,GMC,Ranger Super Cab,2009,Coupe
Sandra,Holland,71,Female,Suzuki,Accent,2013,SUV
Ann,Watkins,50,Female,GMC,Bravada,1997,Sedan
Samantha,Green,52,Female,Volkswagen,Range Rover Evoque,2015,Sedan
Dean,Smith,69,Male,MAZDA,Jetta,2015,SUV
Bruce,Pearson,79,Male,Dodge,Soul,2015,Convertible
Mathew,Iqbal,57,Male,Land Rover,Express 1500 Passenger,2003,Sedan
Sally,Ross,39,Female,GMC,Eclipse Cross,2014,Pickup
Pamela,Bartlett,43,Female,Volkswagen,Camaro,2013,Sedan
Natasha,Lee,56,Female,Dodge,Pacifica Hybrid,2020,Sedan
Suzanne,Griffiths,57,Female,Dodge,Challenger,2020,SUV
Connor,Robertson,68,Male,Ram,300M,2014,Wagon
Callum,Newman,22,Male,Jeep,Q70,2003,Pickup
Stephanie,Leach,32,Female,Subaru,Acadia,1998,Wagon
David,Jones,84,Male,Chevrolet,Passat,2000,SUV
Nicole,Thomas,26,Female,Chevrolet,Sierra (Classic) 3500 Regular Cab,2004,Sedan
Arthur,Mistry,27,Male,Subaru,Montero,2003,Sedan
Margaret,Hunt,38,Female,Saab,Rodeo,1994,Pickup
Rosemary,Taylor,39,Female,Mercedes-Benz,RL,1993,Van/Minivan
Holly,Ford,61,Female,Toyota,Blazer,2007,SUV
Holly,Robinson,74,Female,Chevrolet,Savana 2500 Passenger,2010,"Hatchback, Sedan"
Kathleen,Morgan,79,Female,Nissan,Savana 2500 Passenger,1992,"Hatchback, Convertible"
Thomas,Hill,27,Male,Acura,Sierra 3500 Extended Cab,2015,Sedan
Nicola,Reynolds,63,Female,Dodge,Tacoma Regular Cab,2007,Van/Minivan
Kim,Warren,64,Female,Ford,Ram 1500 Mega Cab,2011,Coupe
Alexandra,Nash,81,Female,Toyota,Navigator,2009,Sedan
Karl,Thomas,79,Male,Kia,GX,2012,SUV
Conor,Bell,45,Male,Mitsubishi,Mercedes-AMG SL,2007,SUV
Joan,O'Brien,37,Female,INFINITI,323,1992,SUV
Vanessa,Long,77,Female,Mercury,Corvette,1997,"Sedan, Coupe"
Nicole,Hammond,90,Female,Dodge,Bronco,2009,SUV
Leanne,Webb,75,Female,Chevrolet,Stealth,1996,"Sedan, Coupe"
Claire,White,35,Female,BMW,350Z,1998,Pickup
Lynne,Bennett,64,Female,BMW,Highlander,2012,Sedan
Josephine,Cameron,83,Female,Alfa Romeo,XK,2014,Van/Minivan
Dominic,Evans,78,Male,Audi,Grand Caravan Passenger,2014,"Sedan, Wagon"
Samuel,King,40,Male,GMC,Grand Caravan Passenger,2017,Coupe
Kieran,Ryan,80,Male,Dodge,Charger,2012,"Sedan, Wagon"
Amelia,Morgan,50,Female,Mercedes-Benz,Avalon,2012,Van/Minivan
Reece,Price,66,Male,Chevrolet,Astra,1994,Van/Minivan
Hayley,O'Sullivan,37,Female,Ford,Xterra,2013,SUV
Dale,Young,41,Male,Nissan,Town & Country,1995,SUV
Chloe,Holt,50,Female,Subaru,Eos,2004,"Hatchback, Sedan"
Rosemary,Donnelly,70,Female,Lamborghini,NV200,2018,Sedan
Lynn,Shah,53,Female,Nissan,A3,2001,"SUV, Wagon"
Donald,Jones,46,Male,Toyota,1500 Crew Cab,2019,Van/Minivan
Natalie,Moore,23,Female,Nissan,E250 Super Duty Cargo,2011,Pickup
Diana,Lyons,81,Female,Mercedes-Benz,Concorde,2009,SUV
Kayleigh,Robinson,70,Female,Acura,Navigator,2018,Sedan
Ashley,Bailey,20,Male,GMC,Town Car,2012,Van/Minivan
Holly,Craig,41,Female,Honda,Savana 1500 Cargo,2010,Pickup
Rita,Wilkins,45,Female,Chevrolet,E-Class,1998,Van/Minivan
Hugh,Lee,51,Male,Audi,3 Series,1993,Van/Minivan
Lisa,Evans,68,Female,Jeep,Land Cruiser,2006,Hatchback
Jennifer,Burgess,59,Female,Chrysler,Swift,2020,Van/Minivan
Abbie,Ahmed,26,Female,Cadillac,Ram Van 3500,1997,Coupe
Gerald,Slater,65,Male,Ford,LS,1995,Pickup
Charlene,Richards,78,Female,Dodge,Mustang,2002,Pickup
Shane,Wilkinson,91,Male,Chevrolet,Forester,2014,Sedan
Jenna,Mitchell,57,Female,Toyota,CL-Class,2017,Sedan
Nigel,Jones,62,Male,Nissan,Vibe,2001,"Wagon, Convertible"
Josephine,Wilson,52,Female,Ford,Range Rover,2000,SUV
Marie,Lewis,42,Female,Mercury,Tacoma Access Cab,2019,SUV
Adrian,Freeman,59,Male,Jeep,Aveo,2005,SUV
Chelsea,Hopkins,55,Female,Maserati,Grand Am,2001,Sedan
Rachel,Watkins,32,Female,Ford,Tucson,2003,Pickup
Marian,Johnson,45,Female,Chrysler,Highlander,2019,"Sedan, Coupe, Convertible"
Bruce,Dunn,79,Male,Dodge,IS F,2008,"Sedan, Coupe"
Gareth,Gordon,22,Male,Mitsubishi,Sierra 1500 Regular Cab,2012,Van/Minivan
Gerard,Stevens,25,Male,Buick,Eclipse,2012,Van/Minivan
Anthony,Richards,27,Male,Maserati,626,2016,Hatchback
Mary,Davis,86,Female,Mitsubishi,LaCrosse,2015,SUV
James,Hewitt,67,Male,Honda,Safari Cargo,2007,SUV
Judith,Mills,25,Female,Lexus,2500 Crew Cab,2006,"Wagon, Sedan"
Edward,Carter,78,Male,Ford,Express 2500 Passenger,2013,Van/Minivan
Reece,Brown,63,Male,Eagle,Sierra (Classic) 2500 HD Extended Cab,2001,SUV
Stephen,Davies,57,Male,Toyota,Sentra,2010,SUV
Marcus,Baker,57,Male,Mitsubishi,Hombre Regular Cab,2019,Pickup
Heather,Taylor,79,Female,Ford,Yukon XL 1500,1996,Convertible
Bruce,Smith,34,Male,Nissan,New Yorker,2002,SUV
Georgia,Moss,21,Female,Toyota,Caravan Passenger,2011,Sedan
Kathleen,Holland,60,Female,Honda,SLK-Class,2011,Wagon
Tracy,Francis,44,Female,Nissan,Xterra,2002,Pickup
Antony,Matthews,58,Male,Honda,Malibu,2010,Van/Minivan
Eleanor,James,30,Female,Maserati,B-Series Extended Cab,2010,Hatchback
Molly,Lawrence,43,Female,Toyota,Vantage,1994,Hatchback
Howard,Fisher,36,Male,Cadillac,A5 Sport,2001,"Sedan, Coupe"
Brenda,Hayes,27,Female,Ford,Safari Passenger,2016,Sedan
Dennis,Phillips,38,Male,Ford,Routan,1992,Coupe
Gordon,Cross,86,Male,Chevrolet,100,1997,"Sedan, Coupe, Hatchback"
Robert,Shaw,34,Male,Nissan,V70,2000,Convertible
Christian,Payne,30,Male,Freightliner,Grand Cherokee,2010,Sedan
Norman,Mann,49,Male,Chevrolet,Escape,2011,Sedan
Clifford,Davis,87,Male,INFINITI,Venture Cargo,2014,SUV
Sian,Jones,34,Female,Toyota,SL-Class,2014,Pickup
Kyle,Bartlett,51,Male,Chevrolet,T100 Regular Cab,2001,Convertible
David,Stephens,88,Male,BMW,Rabbit,2012,"Sedan, Wagon"
Gordon,Ellis,43,Male,Chevrolet,Prelude,2010,Convertible
Alexander,Wallace,37,Male,Lincoln,QX80,2007,Van/Minivan
Gemma,Price,32,Female,Acura,S8,2003,SUV
Deborah,Barnett,43,Female,MAZDA,TT,2010,Van/Minivan
Christine,Sullivan,41,Female,Pontiac,XC40,2010,Van/Minivan
Elizabeth,Pearce,23,Female,Chevrolet,Elantra,2018,Sedan
Douglas,Williams,25,Male,Nissan,NV200,1997,Hatchback
David,Thomas,70,Male,Dodge,NEXO,2006,Coupe
Catherine,Pearce,69,Female,Volvo,Sentra,2016,SUV
Lewis,Davis,61,Male,Honda,4Runner,2018,Van/Minivan
Amanda,Wong,57,Female,Isuzu,LS,2012,Coupe
Arthur,Stevens,90,Male,Acura,Kizashi,2017,"Coupe, Sedan, Convertible"
Christopher,Welch,70,Male,Suzuki,Grand Cherokee,1995,Sedan
Pamela,Gardner,29,Female,Lexus,Rogue,1997,SUV
Molly,White,68,Female,Ford,V70,2008,Sedan
Jeffrey,Moran,20,Male,Ford,Silverado 1500 Regular Cab,2019,Sedan
Anna,Hill,53,Female,Ford,F350 Super Duty Regular Cab,2017,Sedan
Leon,Porter,44,Male,Alfa Romeo,CX-9,2008,Sedan
Declan,Evans,68,Male,Mercury,Outback,1995,Pickup
Martyn,Parker,89,Male,Mercury,Town & Country,2015,SUV
Ashleigh,Booth,91,Female,Mercedes-Benz,H1,2000,Sedan
Jason,Whitehead,59,Male,Dodge,Ghibli,2014,Convertible
Clifford,Read,24,Male,BMW,Xterra,2018,SUV
Terry,Johnson,59,Male,Lamborghini,Navigator,2013,Sedan
Martin,Patel,28,Male,Porsche,1500 Regular Cab,2015,SUV
Emma,Patterson,20,Female,Mercedes-Benz,Ridgeline,2008,Van/Minivan
Amy,King,68,Female,Jeep,Acadia Limited,1993,Pickup
Jane,Sykes,85,Female,Mercedes-Benz,Ram Van B250,2009,"Sedan, Wagon"
Laura,Walsh,41,Female,Chevrolet,X6,2016,Convertible
Elliott,Russell,80,Male,Chevrolet,SVX,2010,Pickup
Louis,Johnson,65,Male,Mercedes-Benz,Accord,2010,Pickup
Edward,White,51,Male,Kia,S4,2013,Sedan
Shannon,Gray,69,Female,Audi,Compass,2000,Convertible
Michael,Savage,36,Male,Aston Martin,ILX,2011,SUV
Lisa,Walker,50,Female,BMW,Mirai,2013,"Sedan, Hatchback"
Lee,Boyle,67,Male,Nissan,Eurovan,1993,SUV
Beth,Brown,80,Female,Toyota,Sierra 1500 Extended Cab,2014,Sedan
Nicola,Gregory,80,Female,Chevrolet,Firebird,1995,SUV
Allan,Pollard,79,Male,Toyota,Q5,2019,Coupe
Graeme,Walsh,33,Male,Chevrolet,SL-Class,1992,SUV
Callum,Taylor,69,Male,Ford,Sierra 2500 HD Extended Cab,1999,"Sedan, Wagon"
Jayne,Harvey,84,Female,Dodge,Echo,2013,Pickup
Barbara,Roberts,40,Female,Toyota,GT,2016,Pickup
Vincent,Shaw,81,Male,Chevrolet,Clubman,2015,Sedan
Brett,Khan,45,Male,Ford,Sierra 1500 Regular Cab,1995,Sedan
Helen,Savage,76,Female,Audi,3 Series,2006,Sedan
Craig,North,64,Male,Land Rover,Sable,1998,Pickup
Kelly,Rahman,45,Female,Nissan,S3,2017,Sedan
Dominic,Williams,34,Male,Mercedes-Benz,S5,2008,Sedan
Lynn,Todd,62,Female,Toyota,XC90,1999,Coupe
Martin,Barnes,64,Male,Subaru,Silverado 2500 HD Crew Cab,2018,Van/Minivan
Rosie,Evans,59,Female,Land Rover,LeSabre,2005,Hatchback
Kyle,Matthews,30,Male,Dodge,Dynasty,1992,"Coupe, Convertible"
Carl,Howard,33,Male,Land Rover,J,1997,Wagon
Amanda,Sharp,66,Female,GMC,A6,1992,Van/Minivan
Nicole,Shepherd,57,Female,Nissan,CL-Class,2017,Van/Minivan
Bethan,Douglas,44,Female,Geo,RAV4,1997,Sedan
Trevor,Robinson,23,Male,Mercedes-Benz,Pacifica,2006,Coupe
Hazel,Francis,24,Female,Chevrolet,M-Class,2018,Pickup
Suzanne,Patel,46,Female,GMC,Cruze,2017,Sedan
Jacob,Hall,75,Male,Audi,XC90,1994,Pickup
Owen,Moss,82,Male,Toyota,350Z,2017,Van/Minivan
Anna,Owen,78,Female,GMC,Grand Cherokee,2010,Van/Minivan
Bradley,McDonald,56,Male,Hyundai,626,2014,SUV
Francesca,Wilson,25,Female,Oldsmobile,3500 Crew Cab,1998,Sedan
Hugh,Jones,27,Male,MAZDA,Legacy,2020,SUV
Mitchell,Fowler,56,Male,FIAT,Frontier Crew Cab,2011,"Coupe, Convertible"
Mitchell,Day,22,Male,Mercury,SL-Class,2000,Sedan
Brandon,Holland,53,Male,Kia,New Beetle,2007,Pickup
Mandy,Jones,63,Female,Chevrolet,CLA,2019,SUV
Ian,Thompson,43,Male,Chevrolet,Land Cruiser,1999,"Coupe, Convertible"
Shannon,Little,41,Female,Buick,Outlander Sport,2018,"Coupe, Convertible"
Edward,Yates,60,Male,Buick,Tercel,1993,Sedan
Lawrence,Wood,37,Male,Audi,CT,2019,SUV
Trevor,Howe,47,Male,Jeep,A6,2017,Sedan
Ashley,Doyle,77,Male,Toyota,Aveo,2006,SUV
Claire,Ward,53,Female,Chevrolet,Ram Van 3500,2002,Coupe
Anne,Lewis,83,Female,Subaru,Dynasty,2014,Pickup
Emma,Williams,73,Female,Nissan,Grand Marquis,2016,"Sedan, Hatchback"
Gail,Clarke,88,Female,Chevrolet,Tucson,2008,SUV
Eileen,Blake,62,Female,Ford,Corvette,1994,Pickup
Conor,Knight,31,Male,Toyota,900,2005,Hatchback
Lucy,Watson,26,Female,Suzuki,Econoline E250 Cargo,2018,Van/Minivan
Anna,Walker,64,Female,GMC,F350 Regular Cab,1992,Sedan
Robin,Chambers,86,Male,Kia,Ranger Super Cab,1996,"Convertible, Sedan"
Charlotte,Martin,82,Female,Nissan,Touareg,2003,Pickup
Laura,Watkins,49,Female,Lexus,Tiburon,2012,Sedan
Jay,Simpson,24,Male,Dodge,Express 3500 Cargo,2004,"Sedan, Hatchback"
Rosie,Hall,86,Female,Toyota,Tundra Double Cab,2009,Van/Minivan
Karl,Jones,48,Male,Ford,Terrain,2015,"Coupe, Convertible"
Graham,Carter,67,Male,Lincoln,Accent,2008,Van/Minivan
Malcolm,Schofield,82,Male,Honda,Z4,1999,SUV
Howard,Lee,35,Male,Honda,Challenger,1996,SUV
Ashleigh,Stevens,53,Female,FIAT,Impala,2008,SUV
Bethan,Clark,79,Female,Audi,M3,2008,SUV
Catherine,Howard,78,Female,Volvo,Tacoma Xtracab,1998,Van/Minivan
Alex,Cox,46,Male,MINI,Spectra,2012,"Sedan, Wagon"
Oliver,Ellis,69,Male,GMC,City Express,1996,"Sedan, Coupe"
Shirley,Nash,59,Female,Dodge,Pacifica,2008,"Sedan, Coupe, Convertible"
Oliver,Matthews,58,Male,Toyota,Terrain,2000,Coupe
Nicole,Johnson,31,Female,Acura,Wrangler,2013,Van/Minivan
Bethan,Miller,63,Female,Lexus,Versa,2015,Sedan
Kelly,Taylor,54,Female,GMC,Element,2004,SUV
Paul,Jones,19,Male,Toyota,Sierra (Classic) 2500 Crew Cab,1994,Pickup
Wendy,Jones,50,Female,BMW,Sonata Plug-in Hybrid,2012,Pickup
Fiona,Cox,79,Female,Volkswagen,2500 HD Extended Cab,2001,Van/Minivan
John,Taylor,63,Male,Chevrolet,Escalade EXT,1992,Van/Minivan
Joanne,Smith,77,Female,Dodge,Avenger,2004,Sedan
Abigail,Richardson,60,Female,Toyota,Grand Caravan Passenger,2007,Sedan
Bryan,Watson,83,Male,Volkswagen,Escalade ESV,1999,Pickup
Timothy,Davies,25,Male,Chrysler,RSX,2006,Van/Minivan
Christian,Smith,29,Male,BMW,Navigator L,1996,Sedan
Wendy,Webb,21,Female,Lincoln,Club Wagon,2000,Coupe
Charlene,Chapman,18,Female,Subaru,Silverado 3500 HD Regular Cab,2006,SUV
Gail,Moore,71,Female,Nissan,Wrangler,1995,SUV
Rosemary,Cross,44,Female,Ford,62,2008,Pickup
Charlotte,Reeves,72,Female,Ford,Prowler,2012,SUV
Melanie,Conway,31,Female,Lexus,Clubman,2014,SUV
Martyn,Clark,50,Male,Dodge,RDX,1995,Coupe
Bethan,Edwards,54,Female,Mitsubishi,SC,2011,"Coupe, Sedan, Convertible"
Julia,Palmer,64,Female,Mercedes-Benz,Seville,2011,"Coupe, Convertible"
Joel,Perry,38,Male,Oldsmobile,Equinox,2003,SUV
Cameron,Turner,50,Male,Aston Martin,MKT,1994,Sedan
Nigel,Vaughan,63,Male,Cadillac,2500 Regular Cab,1992,Sedan
Roy,Todd,27,Male,Ford,Z3,1993,SUV
Mary,Alexander,27,Female,Ferrari,CR-V,2014,Pickup
Reece,Brown,76,Male,GMC,Montego,2016,Van/Minivan
Alan,Price,58,Male,Chevrolet,Dakota Club Cab,2004,Wagon
Donna,Cooper,55,Female,Chevrolet,Envoy,2017,Sedan
Joan,Pearson,56,Female,Freightliner,Aventador,2016,SUV
Carole,Gardner,63,Female,MAZDA,Sienna,2006,Pickup
Amelia,Bailey,51,Female,GMC,Vision,2006,Van/Minivan
Victoria,Jones,84,Female,Chevrolet,Fiesta,2016,Convertible
Ann,Miles,75,Female,Lexus,Express 2500 Cargo,2018,SUV
Katy,Brown,46,Female,Ford,Tracer,2010,Van/Minivan
Gregory,Wyatt,26,Male,BMW,Safari Passenger,1997,SUV
Jay,Taylor,42,Male,Ford,Rabbit,2006,SUV
Frank,Smith,67,Male,Nissan,E-PACE,1996,"Sedan, Hatchback, Coupe"
Mary,Glover,39,Female,Audi,Frontier Crew Cab,2019,Pickup
Daniel,Rowley,82,Male,Lexus,Sierra 3500 HD Extended Cab,2014,SUV
Aaron,Thomas,32,Male,Ford,QX80,2002,Sedan
Clare,Smith,77,Female,Hyundai,Tahoe,2016,Coupe
Rosemary,Dean,77,Female,Ford,4 Series,1994,Sedan
Victoria,Hall,21,Female,Ford,Astro Cargo,2007,Wagon
Gerard,Thomas,57,Male,Chevrolet,SX4,1996,SUV
Lindsey,Coles,64,Female,Toyota,Range Rover,2002,SUV
Graeme,Jones,55,Male,Chevrolet,Tacoma Xtracab,1993,Pickup
Lucy,Wilson,49,Female,Suzuki,Escalade,2007,SUV
Chloe,Schofield,74,Female,GMC,Tundra Regular Cab,2009,SUV
Geoffrey,Davies,88,Male,BMW,Civic,2001,Sedan
Emily,Roberts,47,Female,Volkswagen,Discovery,2013,SUV
Kevin,Jones,79,Male,Honda,Transit 350 Van,2012,Pickup
Anne,Burns,75,Female,Lincoln,Ranger SuperCab,2000,Sedan
Karen,Mitchell,80,Female,GMC,S90,2017,Hatchback
Lewis,Robinson,89,Male,Mitsubishi,Encore,2004,Sedan
Raymond,Marshall,49,Male,Hyundai,ZDX,2014,Sedan
Gary,Thomas,57,Male,FIAT,F150 SuperCrew Cab,2015,Van/Minivan
Lynn,Doyle,30,Female,MAZDA,Optima Hybrid,2011,Sedan
Conor,Nelson,64,Male,Buick,Suburban 1500,2020,"Coupe, Convertible"
Lauren,Collins,40,Female,BMW,Silverado 2500 HD Crew Cab,2019,SUV
Marian,Clarke,65,Female,Chevrolet,G-Class,1997,Wagon
Craig,Wilson,91,Male,Audi,Aventador,2019,Van/Minivan
Leonard,Shaw,68,Male,Chevrolet,Legacy,2018,Sedan
Grace,Johnson,49,Female,Plymouth,XC70,2012,SUV
Bethany,Hamilton,90,Female,Chevrolet,Laser,2011,"Sedan, Wagon"
Geraldine,Taylor,44,Female,Toyota,Impala,2006,SUV
Glen,Hart,54,Male,Saturn,NSX,2011,SUV
Molly,McCarthy,50,Female,Dodge,XTS,1993,Van/Minivan
Mohammad,Armstrong,27,Male,Cadillac,Silverado 1500 Regular Cab,2020,Sedan
Louis,Jones,77,Male,Ford,CC,2017,SUV
Natalie,Parsons,73,Female,Audi,Ram 3500 Regular Cab,2010,"Coupe, Convertible"
Cameron,Curtis,24,Male,Ford,Firebird,2018,SUV
Beth,Pritchard,18,Female,Kia,A4,2001,Van/Minivan
Lee,Nelson,68,Male,Volvo,Savana 3500 Passenger,2015,SUV
Julie,James,73,Female,Dodge,New Beetle,2008,"Sedan, Coupe, Hatchback"
Helen,Harris,69,Female,Ford,B-Series Regular Cab,2019,"Sedan, Coupe"
Eric,Taylor,83,Male,Mercedes-Benz,Savana 2500 Cargo,1994,"Wagon, Sedan"
Teresa,Taylor,33,Female,Mercury,Express 3500 Passenger,1995,Hatchback
Wayne,Lamb,37,Male,GMC,Caravan Passenger,2011,Sedan
Damien,Bates,68,Male,Audi,X3,2007,SUV
Kate,Martin,91,Female,Cadillac,QX60,2008,SUV
Charles,Price,55,Male,Ford,RX,2015,Sedan
Liam,Bell,90,Male,Jeep,Ram Van 2500,2003,Coupe
Louis,Preston,36,Male,Freightliner,Nubira,2009,"Sedan, Coupe"
Margaret,Frost,66,Female,GMC,Pilot,2003,Pickup
Claire,Newton,56,Female,GMC,Cherokee,2013,Sedan
Emily,Smith,82,Female,Audi,LX,2004,SUV
Rosie,Green,79,Female,MAZDA,Millenia,2015,Hatchback
Rhys,Hobbs,56,Male,INFINITI,Range Rover,2007,Sedan
Jayne,Watson,30,Female,Nissan,MP4-12C,2019,Pickup
Jean,Lewis,72,Female,Chevrolet,Canyon Extended Cab,2018,SUV
Roy,Hunt,31,Male,Chevrolet,929,2013,SUV
Lorraine,Harrison,63,Female,Dodge,Express 3500 Cargo,2005,Hatchback
Reece,Roberts,91,Male,Jeep,Tempo,1994,Sedan
Timothy,Gardner,26,Male,GMC,Yaris,2015,SUV
Claire,Simmons,43,Female,Kia,TL,2018,Convertible
Alex,Gardner,64,Male,Land Rover,Blazer,2016,Pickup
Bruce,Johnson,45,Male,Cadillac,Diamante,2011,SUV
Beverley,Brennan,58,Female,BMW,Mirai,2001,SUV
Jayne,Woodward,45,Female,Kia,Protege,2005,Sedan
Wayne,Barnes,34,Male,GMC,Sonic,2005,"Sedan, Wagon"
Stuart,James,69,Male,Ford,Suburban,1996,Sedan
Amy,Carter,21,Female,INFINITI,A3,2011,SUV
Benjamin,Hunter,39,Male,Acura,Cutlass Supreme,2015,SUV
Mark,Ellis,23,Male,BMW,Sonoma Crew Cab,2017,SUV
Harry,Sinclair,34,Male,Mercedes-Benz,F150 Regular Cab,2001,Pickup
Kayleigh,Grant,50,Female,Chevrolet,Golf,2017,Sedan
Hollie,Williams,33,Female,Chevrolet,RL,1994,Pickup
Jonathan,Griffiths,50,Male,Volvo,Equus,2015,SUV
Vincent,Wilkinson,29,Male,Acura,F350 Super Duty Crew Cab,2003,Sedan
Jayne,Fletcher,83,Female,Ram,E150 Super Duty Passenger,2016,Pickup
Alice,Osborne,27,Female,Volvo,X-90,2019,SUV
Christopher,Butler,78,Male,INFINITI,500e,1997,SUV
Shannon,Graham,45,Female,Dodge,Metro,2017,"Sedan, Wagon"
Angela,Jenkins,61,Female,Chevrolet,NV2500 HD Cargo,2001,Convertible
Katherine,Hall,56,Female,Nissan,Grand Caravan Cargo,2009,Van/Minivan
Damian,Williams,44,Male,INFINITI,XJ,2017,Sedan
Alice,Collins,38,Female,Jeep,Sequoia,1995,Pickup
Josh,Taylor,53,Male,Ram,Odyssey,1997,Van/Minivan
Frank,Lawrence,50,Male,Ford,F250 Super Cab,2011,SUV
Kathleen,Hill,46,Female,MAZDA,Wraith,1992,Hatchback
Sian,Jones,41,Female,Freightliner,Bonneville,2004,SUV
Simon,Oliver,70,Male,Mercedes-Benz,Town Car,2007,Convertible
Lisa,Sutton,53,Female,Audi,Caravan Passenger,1998,SUV
Joyce,Ward,71,Female,Chevrolet,1500 Extended Cab,2017,"Hatchback, Convertible"
Jacqueline,Palmer,21,Female,Chevrolet,Boxster,1999,SUV
Nicole,Gardiner,32,Female,GMC,Savana 2500 Cargo,2015,Pickup
Jacqueline,Brooks,41,Female,Bentley,Equator Extended Cab,2015,Van/Minivan
Pauline,Perry,21,Female,Toyota,Mountaineer,2016,"Wagon, Sedan"
Jemma,Walsh,74,Female,Toyota,Econoline E250 Cargo,2015,Convertible
Terence,Thomas,80,Male,Toyota,Cabrio,1992,Pickup
Colin,Russell,78,Male,Kia,X2,1994,"Sedan, Wagon"
Kirsty,Turner,62,Female,Nissan,Challenger,2004,Hatchback
Abbie,Doyle,26,Female,Ford,Sportage,2017,Coupe
Abigail,Henderson,60,Female,Acura,Prius,1999,Pickup
Joseph,King,62,Male,MAZDA,GX,1994,"Sedan, Wagon"
Sharon,Williams,33,Female,GMC,Kicks,2019,SUV
Tony,Jackson,86,Male,Buick,Nubira,1997,Wagon
Lisa,Edwards,86,Female,Maybach,Discovery,2001,"Sedan, Coupe"
Victoria,Yates,66,Female,Chevrolet,Mirai,2018,Sedan
Douglas,Kerr,43,Male,Jeep,Land Cruiser,1997,Pickup
Tracy,Bull,68,Female,BMW,Veracruz,2011,SUV
Janet,Norris,46,Female,Ford,S80,2018,Sedan
Robert,Pearson,65,Male,Dodge,Flex,2014,SUV
Charlie,Brown,49,Male,Chrysler,Ram Wagon B350,2014,Pickup
Tony,Singh,33,Male,Dodge,Caravan Cargo,1993,Sedan
Dorothy,Wade,87,Female,Mercedes-Benz,Colorado Crew Cab,2015,Van/Minivan
Trevor,Norris,87,Male,Nissan,Mercedes-AMG G-Class,2020,SUV
Aaron,Kay,41,Male,BMW,Savana 1500 Passenger,2014,Hatchback
Harriet,Flynn,40,Female,Lexus,Seville,2016,Van/Minivan
Christian,O'Brien,29,Male,GMC,S80,2007,Pickup
Garry,Williams,83,Male,Hyundai,Avenger,2017,Coupe
Joseph,Barnes,70,Male,Porsche,2500 Crew Cab,2010,Hatchback
Marion,Flynn,46,Female,Lincoln,E350 Super Duty Cargo,2017,Sedan
Ryan,Rowley,46,Male,Subaru,Tracker,2013,SUV
Allan,Stevens,70,Male,Ford,Cadenza,2016,SUV
Marian,Roberts,59,Female,Dodge,Forester,2010,Van/Minivan
Jonathan,Hughes,40,Male,Suzuki,xD,2002,SUV
Brian,Clarke,56,Male,Chevrolet,Taurus,2013,SUV
Mary,Brown,37,Female,Toyota,Tundra Double Cab,2016,Pickup
Donna,Gilbert,46,Female,Porsche,Silverado 2500 HD Double Cab,1998,Sedan
Steven,Ryan,80,Male,Acura,Bolt EV,2017,Coupe
Josh,Richards,22,Male,Nissan,Ram Wagon B150,2015,Pickup
Katherine,Robinson,90,Female,Hyundai,Grand Am,1997,Hatchback
Garry,Francis,68,Male,Toyota,Tahoe,2009,"Sedan, Coupe"
Barry,Robinson,87,Male,Lexus,Tribeca,2017,"Sedan, Coupe"
Francesca,Lawson,29,Female,GMC,Cabriolet,2011,Pickup
Anthony,Frost,21,Male,Jeep,Santa Fe,2016,Sedan
Callum,Smith,36,Male,Chevrolet,500e,1994,Sedan
Chloe,Fletcher,19,Female,Nissan,Bonneville,2015,Pickup
Josh,Payne,42,Male,Ford,Z8,2003,Sedan
Nicola,Francis,21,Female,FIAT,G-Series G20,1993,SUV
Janet,Whittaker,79,Female,Chevrolet,Solara,2007,Hatchback
Geoffrey,Howard,70,Male,BMW,E350 Super Duty Cargo,1997,SUV
Brandon,Metcalfe,24,Male,Ford,Prizm,1994,Hatchback
Paul,Cox,71,Male,Chrysler,Cooper,1995,Sedan
Alexandra,Fletcher,89,Female,MAZDA,Sprinter 2500 Cargo,2017,Pickup
Luke,Carpenter,19,Male,Nissan,Tiburon,1995,Sedan
Vanessa,Thomas,77,Female,Volvo,Corrado,2016,Pickup
Callum,Bartlett,80,Male,GMC,Tercel,2018,"Sedan, Coupe"
Hilary,Harris,46,Female,Lexus,Sidekick,2013,Sedan
Justin,Murray,18,Male,Chevrolet,Town & Country,2003,Pickup
Raymond,Byrne,50,Male,Plymouth,Arnage,2019,"Sedan, Wagon"
Phillip,Jones,81,Male,Chrysler,Corolla,2008,Sedan
Gordon,Smart,62,Male,Chevrolet,Protege,1992,Sedan
Aimee,Holt,19,Female,Chevrolet,Q70,2009,"Sedan, Hatchback"
Louis,Walker,26,Male,GMC,6 Series,2010,Sedan
Sara,Bryant,90,Female,GMC,Continental,1999,Hatchback
Jill,Williams,41,Female,Chevrolet,2500 Club Coupe,2014,Coupe
Jason,Gibbons,46,Male,BMW,Milan,2019,Van/Minivan
Jason,Cooper,85,Male,Audi,TL,1993,Van/Minivan
Leah,Smith,41,Female,Chevrolet,Corolla,1994,Sedan
Christopher,Armstrong,23,Male,Ram,XJ,2002,Van/Minivan
Glenn,Rose,58,Male,Ford,NV3500 HD Cargo,2015,Hatchback
Gillian,Khan,89,Female,Chrysler,Countryman,2019,Pickup
Iain,Norman,35,Male,Audi,S-Series,2014,Sedan
Graeme,Hamilton,28,Male,Pontiac,Astro Passenger,2012,Van/Minivan
Louise,Johnson,30,Female,Chrysler,Sonata,1993,Van/Minivan
Danny,Banks,44,Male,BMW,Highlander Hybrid,1994,SUV
Janice,Williams,72,Female,Jaguar,Corvette,2004,Sedan
Arthur,Gray,30,Male,Oldsmobile,4Runner,1996,Pickup
Clifford,Phillips,50,Male,Honda,MPV,2004,Wagon
Martin,Taylor,90,Male,Buick,Insight,2006,"Coupe, Convertible"
Stuart,Thomas,70,Male,Jeep,Mustang,2018,SUV
Leslie,Day,26,Male,BMW,Dynasty,2005,Wagon
Abbie,Hawkins,66,Female,Mercury,FJ Cruiser,2019,"Convertible, Coupe"
Paul,Johnson,60,Male,Ford,Convertible,1998,"Wagon, Sedan"
Stephanie,Hopkins,51,Female,Toyota,Colorado Crew Cab,2014,Pickup
Jodie,Walsh,24,Female,Kia,F12berlinetta,1998,Van/Minivan
Katie,Pearce,33,Female,Cadillac,CL,2012,Van/Minivan
Patrick,Scott,78,Male,Honda,Grand Cherokee,2003,"Hatchback, Convertible"
Billy,Singh,71,Male,Audi,Ram Van 3500,2010,"Sedan, Wagon"
Kelly,Carr,67,Female,Saturn,Metris Cargo,1994,Sedan
Hilary,Howard,28,Female,Hyundai,Cavalier,2015,SUV
Dylan,Hargreaves,71,Male,GMC,Compass,2007,SUV
Jay,Murray,60,Male,MINI,Outback,1997,Pickup
Leslie,Clarke,42,Male,Toyota,Sienna,2014,SUV
Natasha,Reid,86,Female,Chevrolet,NX,2015,"Convertible, Coupe"
Samantha,Francis,43,Female,Nissan,Silverado 1500 Extended Cab,2010,Sedan
Brett,Porter,38,Male,Toyota,M-Class,2010,Pickup
